1,619,616,622
2,620,617,623
3,620,617,623
4,620,617,623
5,620,617,623
6,620,617,623
7,621,618,624
8,621,618,624
9,622,619,625
9,623,620,626
10,624,621,627
11,625,622,628
12,626,623,629
12,627,624,630
13,628,625,631
14,629,626,632
15,630,627,633
15,631,628,634
16,632,629,635
16,633,630,636
17,633,630,636
18,633,630,636
19,632,629,635
20,632,629,635
21,631,628,634
22,630,627,633
23,630,627,633
24,629,626,632
25,629,626,632
26,628,625,631
27,627,624,630
28,627,624,630
29,627,624,630
30,626,623,629
30,625,622,628
31,624,621,627
31,623,620,626
32,622,619,625
33,621,618,624
33,620,617,623
33,619,616,622
34,619,616,622
35,620,617,623
36,620,617,623
37,621,618,624
38,622,619,625
39,623,620,626
40,623,620,626
41,623,620,626
41,624,621,627
42,625,622,628
42,626,623,629
43,626,623,629
44,626,623,629
45,625,622,628
46,625,622,628
47,625,622,628
48,624,621,627
49,624,621,627
50,623,620,626
51,622,619,625
52,622,619,625
53,621,618,624
54,621,618,624
55,620,617,623
56,619,616,622
57,619,616,622
58,619,616,622
59,619,616,622
60,618,615,621
61,618,615,621
62,617,614,620
63,617,614,620
63,616,613,619
64,617,614,620
65,618,615,621
66,618,615,621
67,618,615,621
68,618,615,621
69,619,616,622
70,619,616,622
71,619,616,622
72,620,617,623
73,620,617,623
74,620,617,623
75,620,617,623
76,620,617,623
77,619,616,622
78,619,616,622
79,619,616,622
80,619,616,622
81,619,616,622
82,618,615,621
83,618,615,621
84,618,615,621
85,618,615,621
86,617,614,620
87,617,614,620
88,617,614,620
89,617,614,620
90,616,613,619
91,616,613,619
92,615,612,618
93,614,611,617
94,614,611,617
95,613,610,616
96,612,609,615
97,612,609,615
98,612,609,615
99,611,608,614
100,610,607,613
101,609,606,612
102,608,605,611
103,607,604,610
104,607,604,610
105,606,603,609
106,605,602,608
107,604,601,607
108,603,600,606
109,603,600,606
109,604,601,607
110,605,602,608
110,606,603,609
111,607,604,610
111,608,605,611
111,609,606,612
112,610,607,613
112,611,608,614
113,612,609,615
113,613,610,616
114,613,610,616
115,612,609,615
116,612,609,615
117,611,608,614
118,611,608,614
119,610,607,613
120,610,607,613
121,609,606,612
122,609,606,612
123,608,605,611
124,608,605,611
125,607,604,610
126,606,603,609
126,605,602,608
127,604,601,607
128,603,600,606
129,602,599,605
130,601,598,604
130,600,597,603
131,599,596,602
131,598,595,601
132,597,594,600
133,597,594,600
134,598,595,601
135,599,596,602
136,600,597,603
137,601,598,604
138,602,599,605
139,603,600,606
140,603,600,606
141,603,600,606
142,602,599,605
143,602,599,605
144,602,599,605
145,602,599,605
146,601,598,604
147,601,598,604
148,601,598,604
149,601,598,604
150,600,597,603
151,600,597,603
152,601,598,604
153,602,599,605
154,603,600,606
155,604,601,607
156,604,601,607
157,605,602,608
158,606,603,609
159,607,604,610
160,608,605,611
161,608,605,611
162,608,605,611
163,609,606,612
164,609,606,612
165,610,607,613
166,610,607,613
167,611,608,614
168,611,608,614
169,612,609,615
170,612,609,615
171,613,610,616
172,614,611,617
173,615,612,618
174,616,613,619
175,617,614,620
176,617,614,620
177,617,614,620
178,617,614,620
179,618,615,621
180,618,615,621
181,619,616,622
182,620,617,623
183,620,617,623
184,621,618,624
185,621,618,624
186,622,619,625
187,623,620,626
188,623,620,626
189,623,620,626
190,623,620,626
191,623,620,626
192,623,620,626
193,623,620,626
194,622,619,625
195,622,619,625
196,622,619,625
197,622,619,625
198,622,619,625
198,623,620,626
199,624,621,627
199,625,622,628
200,625,622,628
201,625,622,628
202,624,621,627
203,624,621,627
204,625,622,628
205,626,623,629
205,627,624,630
206,628,625,631
207,629,626,632
208,630,627,633
209,631,628,634
210,632,629,635
210,633,630,636
211,634,631,637
211,635,632,638
212,635,632,638
213,635,632,638
214,635,632,638
215,635,632,638
216,634,631,637
217,634,631,637
218,634,631,637
219,634,631,637
220,635,632,638
221,635,632,638
222,636,633,639
223,637,634,640
224,637,634,640
225,638,635,641
226,639,636,642
227,639,636,642
228,639,636,642
229,639,636,642
230,639,636,642
231,639,636,642
232,640,637,643
233,640,637,643
234,640,637,643
235,640,637,643
236,640,637,643
237,640,637,643
238,640,637,643
239,641,638,644
240,641,638,644
241,641,638,644
242,641,638,644
243,642,639,645
243,643,640,646
244,644,641,647
244,645,642,648
245,646,643,649
245,647,644,650
245,648,645,651
246,649,646,652
246,650,647,653
247,651,648,654
247,652,649,655
247,653,650,656
248,654,651,657
249,654,651,657
250,655,652,658
251,656,653,659
252,656,653,659
253,657,654,660
254,658,655,661
255,658,655,661
256,658,655,661
257,659,656,662
258,660,657,663
258,661,658,664
259,662,659,665
260,663,660,666
261,664,661,667
261,665,662,668
262,666,663,669
262,667,664,670
263,668,665,671
264,669,666,672
265,670,667,673
266,671,668,674
267,671,668,674
268,672,669,675
269,673,670,676
270,674,671,677
271,674,671,677
271,673,670,676
271,672,669,675
272,673,670,676
273,673,670,676
274,674,671,677
275,675,672,678
276,675,672,678
277,676,673,679
278,676,673,679
279,677,674,680
280,678,675,681
281,678,675,681
282,678,675,681
283,678,675,681
284,677,674,680
285,677,674,680
286,676,673,679
287,676,673,679
288,676,673,679
289,675,672,678
290,675,672,678
291,674,671,677
292,674,671,677
293,675,672,678
294,676,673,679
294,677,674,680
295,678,675,681
296,679,676,682
297,680,677,683
297,681,678,684
298,682,679,685
298,683,680,686
299,683,680,686
300,682,679,685
301,682,679,685
302,681,678,684
303,681,678,684
304,681,678,684
305,680,677,683
305,679,676,682
306,678,675,681
307,677,674,680
307,676,673,679
307,675,672,678
308,675,672,678
309,675,672,678
310,675,672,678
311,674,671,677
312,674,671,677
313,674,671,677
314,673,670,676
315,673,670,676
316,672,669,675
317,671,668,674
318,671,668,674
319,671,668,674
320,672,669,675
320,673,670,676
321,674,671,677
322,675,672,678
322,676,673,679
323,677,674,680
324,678,675,681
324,679,676,682
324,680,677,683
324,679,676,682
325,678,675,681
325,677,674,680
325,676,673,679
325,675,672,678
326,674,671,677
326,673,670,676
327,674,671,677
328,674,671,677
329,675,672,678
330,675,672,678
331,675,672,678
332,675,672,678
333,674,671,677
334,674,671,677
335,674,671,677
336,673,670,676
336,672,669,675
337,671,668,674
337,670,667,673
338,669,666,672
338,668,665,671
339,667,664,670
340,666,663,669
340,665,662,668
341,664,661,667
341,663,660,666
341,662,659,665
342,661,658,664
342,660,657,663
343,659,657,661
343,658,656,660
344,657,655,659
345,656,654,658
345,655,653,657
345,654,652,656
346,655,653,657
347,656,654,658
348,657,655,659
349,658,656,660
350,658,656,660
350,657,655,659
351,657,655,659
352,657,655,659
353,657,655,659
354,657,655,659
355,657,655,659
356,657,655,659
357,657,655,659
358,657,655,659
359,657,655,659
360,657,655,659
361,657,655,659
362,657,655,659
363,657,655,659
364,657,655,659
365,658,656,660
366,659,657,661
367,660,658,662
368,661,659,663
369,662,660,664
369,663,661,665
370,664,662,666
371,665,663,667
372,666,664,668
373,667,665,669
373,668,666,670
374,668,666,670
375,669,667,671
376,669,667,671
377,669,667,671
378,670,668,672
379,670,668,672
380,669,667,671
381,669,667,671
382,668,666,670
383,668,666,670
384,667,665,669
385,666,664,668
386,666,664,668
387,665,663,667
388,665,663,667
389,665,663,667
390,666,664,668
391,666,664,668
392,667,665,669
393,668,666,670
394,669,667,671
395,669,667,671
396,670,668,672
397,671,669,673
398,672,670,674
399,672,670,674
400,673,671,675
401,673,671,675
402,672,670,674
403,672,670,674
404,671,669,673
405,671,669,673
406,670,668,672
407,670,668,672
408,669,667,671
409,669,667,671
410,668,666,670
411,668,666,670
412,667,665,669
413,667,665,669
414,667,665,669
415,666,664,668
416,666,664,668
417,665,663,667
418,664,662,666
419,663,661,665
420,663,661,665
421,663,661,665
422,663,661,665
423,663,661,665
424,663,661,665
425,663,661,665
426,663,661,665
427,662,660,664
428,662,660,664
429,662,660,664
430,662,660,664
431,662,660,664
432,662,660,664
433,662,660,664
434,662,660,664
435,662,660,664
436,662,660,664
437,663,661,665
438,663,661,665
439,663,661,665
440,663,661,665
441,664,662,666
442,664,662,666
443,664,662,666
444,664,662,666
445,665,663,667
446,665,663,667
447,664,662,666
448,664,662,666
449,664,662,666
449,663,661,665
450,662,660,664
450,661,659,663
450,660,658,662
451,659,657,661
451,658,656,660
452,657,655,659
452,656,654,658
453,657,655,659
454,657,655,659
455,658,656,660
456,658,656,660
457,657,655,659
458,656,654,658
458,655,653,657
459,654,652,656
460,653,651,655
460,652,650,654
461,651,649,653
461,650,648,652
461,649,647,651
462,649,647,651
463,649,647,651
464,648,646,650
465,648,646,650
466,648,646,650
467,648,646,650
468,648,646,650
469,647,645,649
470,647,645,649
471,647,645,649
472,647,645,649
473,647,645,649
474,646,644,648
475,646,644,648
476,646,644,648
477,646,644,648
478,646,644,648
479,647,645,649
480,647,645,649
481,648,646,650
482,648,646,650
483,649,647,651
484,649,647,651
485,650,648,652
486,650,648,652
487,650,648,652
488,650,648,652
489,649,647,651
490,649,647,651
491,648,646,650
491,647,645,649
492,646,644,648
493,645,643,647
494,644,642,646
494,643,641,645
495,642,640,644
495,641,639,643
496,642,640,644
497,642,640,644
498,642,640,644
499,641,639,643
500,641,639,643
501,640,638,642
502,639,637,641
503,638,636,640
504,638,636,640
505,637,635,639
506,636,634,638
507,635,633,637
508,635,633,637
509,634,632,636
510,634,632,636
511,634,632,636
512,634,632,636
513,635,633,637
514,635,633,637
515,636,634,638
516,636,634,638
517,637,635,639
518,637,635,639
519,638,636,640
520,638,636,640
521,639,637,641
522,639,637,641
523,639,637,641
524,639,637,641
525,640,638,642
525,641,639,643
526,642,640,644
527,643,641,645
528,644,642,646
528,645,643,647
529,646,644,648
530,647,645,649
531,648,646,650
531,649,647,651
531,650,648,652
531,649,647,651
532,648,646,650
532,647,645,649
533,646,644,648
533,645,643,647
533,644,642,646
534,643,641,645
534,642,640,644
535,641,639,643
535,640,638,642
536,639,637,641
536,638,636,640
537,637,635,639
538,637,635,639
539,636,634,638
540,636,634,638
541,635,633,637
542,634,632,636
543,634,632,636
544,634,632,636
545,634,632,636
546,634,632,636
547,634,632,636
548,635,633,637
549,635,633,637
550,635,633,637
551,635,633,637
552,634,632,636
553,634,632,636
554,634,632,636
555,633,631,635
556,633,631,635
557,633,631,635
558,632,630,634
559,632,630,634
559,631,629,633
560,630,628,632
560,629,627,631
561,628,626,630
561,627,625,629
561,626,624,628
562,625,623,627
562,624,622,626
562,623,621,625
563,622,620,624
563,621,619,623
564,620,618,622
564,619,617,621
564,618,616,620
565,617,615,619
565,616,614,618
566,615,613,617
566,614,612,616
567,613,611,615
567,612,610,614
568,611,609,613
568,610,608,612
568,609,607,611
569,609,607,611
570,608,606,610
571,608,606,610
572,608,606,610
573,607,605,609
573,606,604,608
574,605,603,607
574,604,602,606
575,603,601,605
576,602,600,604
576,601,599,603
577,600,598,602
577,599,597,601
577,598,596,600
578,599,597,601
579,600,598,602
579,601,599,603
580,602,600,604
581,603,601,605
582,604,602,606
582,605,603,607
583,606,604,608
583,607,605,609
584,607,605,609
585,607,605,609
586,607,605,609
587,607,605,609
588,607,605,609
589,608,606,610
590,608,606,610
591,608,606,610
592,608,606,610
593,608,606,610
594,608,606,610
595,608,606,610
596,608,606,610
597,608,606,610
598,608,606,610
599,608,606,610
600,608,606,610
601,608,606,610
602,608,606,610
603,609,607,611
604,609,607,611
605,610,608,612
606,610,608,612
607,611,609,613
608,611,609,613
609,612,610,614
610,612,610,614
611,612,610,614
611,611,609,613
612,610,608,612
612,609,607,611
612,608,606,610
612,607,605,609
613,606,604,608
613,605,603,607
613,604,602,606
614,603,601,605
614,602,600,604
614,601,599,603
614,602,600,604
615,603,601,605
615,604,602,606
615,605,603,607
615,606,604,608
616,607,605,609
616,608,606,610
616,609,607,611
616,610,608,612
617,611,609,613
617,612,610,614
618,612,610,614
619,612,610,614
620,612,610,614
621,612,610,614
622,611,609,613
623,611,609,613
624,611,609,613
625,611,609,613
626,610,608,612
626,609,607,611
627,608,606,610
627,607,605,609
628,606,604,608
629,605,603,607
629,604,602,606
630,603,601,605
631,602,600,604
631,601,599,603
632,600,598,602
632,599,597,601
632,598,596,600
633,598,596,600
634,598,596,600
635,598,596,600
636,598,596,600
637,598,596,600
638,598,596,600
639,598,596,600
640,598,596,600
641,598,596,600
642,598,596,600
643,598,596,600
643,597,595,599
643,596,594,598
644,596,594,598
645,597,595,599
646,597,595,599
647,598,596,600
648,598,596,600
649,599,597,601
650,599,597,601
651,600,598,602
652,600,598,602
653,601,599,603
654,601,599,603
655,602,600,604
656,602,600,604
657,601,599,603
657,600,598,602
658,599,597,601
658,598,596,600
659,597,595,599
660,596,594,598
661,595,593,597
662,594,592,596
663,593,591,595
664,592,590,594
665,592,590,594
665,591,589,593
665,590,588,592
666,589,587,591
666,588,586,590
667,587,585,589
667,586,584,588
668,585,583,587
669,584,582,586
669,583,581,585
669,582,580,584
670,582,580,584
671,581,579,583
672,581,579,583
673,580,578,582
674,580,578,582
675,579,577,581
676,579,577,581
677,578,576,580
678,578,576,580
679,577,575,579
680,577,575,579
681,577,575,579
681,576,574,578
682,575,573,577
682,574,572,576
683,573,571,575
683,572,570,574
684,571,569,573
684,570,568,572
685,570,568,572
686,570,568,572
687,570,568,572
688,571,569,573
689,571,569,573
690,572,570,574
691,572,570,574
692,573,571,575
693,573,571,575
694,573,571,575
695,573,571,575
696,573,571,575
697,573,571,575
698,573,571,575
699,573,571,575
700,573,571,575
701,573,571,575
702,572,570,574
703,572,570,574
704,572,570,574
705,572,570,574
706,572,570,574
707,572,570,574
708,572,570,574
709,573,571,575
710,573,571,575
711,574,572,576
712,574,572,576
713,575,573,577
714,576,574,578
715,576,574,578
716,577,575,579
717,577,575,579
718,577,575,579
719,578,576,580
720,579,577,581
721,580,578,582
722,581,579,583
722,582,580,584
723,583,581,585
724,584,582,586
725,585,583,587
725,586,584,588
725,587,585,589
726,588,586,590
726,589,587,591
727,590,588,592
727,591,589,593
728,592,590,594
728,593,591,595
729,594,592,596
729,595,593,597
730,596,594,598
730,597,595,599
731,597,595,599
731,596,594,598
732,595,593,597
732,594,592,596
732,593,591,595
733,592,590,594
733,591,589,593
734,592,590,594
735,592,590,594
736,593,591,595
737,594,592,596
738,594,592,596
739,595,593,597
740,596,594,598
741,597,595,599
742,597,595,599
743,597,595,599
743,598,596,600
744,599,597,601
744,600,598,602
745,599,597,601
746,599,597,601
747,598,596,600
748,597,595,599
749,596,594,598
750,596,594,598
751,595,593,597
752,595,593,597
753,594,592,596
753,593,591,595
754,592,590,594
754,591,589,593
755,590,588,592
755,589,587,591
756,588,586,590
756,587,585,589
756,586,584,588
757,586,584,588
758,586,584,588
759,586,584,588
760,586,584,588
761,587,585,589
762,588,586,590
763,589,587,591
763,590,588,592
764,591,589,593
765,592,590,594
765,593,591,595
765,594,592,596
766,595,593,597
766,596,594,598
766,597,595,599
767,598,596,600
767,599,597,601
768,598,596,600
769,597,595,599
770,596,594,598
770,595,593,597
771,594,592,596
772,593,591,595
772,592,590,594
773,591,589,593
774,591,589,593
775,590,588,592
776,589,587,591
777,589,587,591
778,589,587,591
779,588,586,590
779,587,585,589
780,586,584,588
781,585,583,587
782,584,582,586
782,583,581,585
782,582,580,584
783,581,579,583
784,580,578,582
785,579,577,581
786,578,576,580
787,577,575,579
788,576,574,578
789,575,573,577
790,574,572,576
791,574,572,576
792,574,572,576
793,575,573,577
794,575,573,577
795,576,574,578
796,576,574,578
797,577,575,579
798,577,575,579
799,577,575,579
800,576,574,578
801,576,574,578
802,575,573,577
803,575,573,577
804,575,573,577
805,576,574,578
805,577,575,579
806,578,576,580
806,579,577,581
807,580,578,582
808,581,579,583
808,582,580,584
809,583,581,585
809,584,582,586
809,585,583,587
810,584,582,586
811,584,582,586
812,583,581,585
813,582,580,584
814,582,580,584
815,581,579,583
816,580,578,582
817,579,577,581
818,579,577,581
819,579,577,581
820,578,576,580
821,577,575,579
822,577,575,579
823,576,574,578
824,575,573,577
825,575,573,577
826,575,573,577
827,575,573,577
828,575,573,577
829,575,573,577
830,575,573,577
831,575,573,577
832,574,572,576
833,574,572,576
834,574,572,576
835,574,572,576
836,574,572,576
837,574,572,576
837,573,571,575
838,572,570,574
838,571,569,573
838,570,568,572
839,569,567,571
839,568,566,570
840,568,566,570
841,569,567,571
842,569,567,571
843,569,567,571
844,570,568,572
845,570,568,572
846,570,568,572
847,570,568,572
848,571,569,573
849,571,569,573
850,571,569,573
851,571,569,573
852,571,569,573
853,571,569,573
854,571,569,573
855,571,569,573
856,571,569,573
857,572,570,574
857,573,571,575
858,574,572,576
859,575,573,577
859,576,574,578
860,577,575,579
861,578,576,580
862,579,577,581
862,580,578,582
862,581,579,583
863,581,579,583
864,582,580,584
865,582,580,584
866,583,581,585
867,583,581,585
868,584,582,586
869,584,582,586
870,585,583,587
871,585,583,587
872,586,584,588
873,586,584,588
874,586,584,588
874,585,583,587
875,584,582,586
875,583,581,585
875,582,580,584
876,581,579,583
876,580,578,582
876,579,577,581
877,578,576,580
877,577,575,579
878,577,575,579
879,577,575,579
880,577,575,579
881,577,575,579
882,577,575,579
883,577,575,579
883,576,574,578
884,575,573,577
884,574,572,576
884,573,571,575
885,572,570,574
885,571,569,573
885,570,568,572
886,569,567,571
886,568,566,570
887,567,565,569
888,567,565,569
889,566,564,568
890,566,564,568
891,565,563,567
892,565,563,567
893,564,562,566
894,563,561,565
895,563,561,565
896,562,560,564
897,561,559,563
898,561,559,563
899,560,558,562
900,560,558,562
901,560,558,562
902,560,558,562
903,560,558,562
904,560,558,562
905,560,558,562
906,560,558,562
907,561,559,563
908,561,559,563
909,561,559,563
910,561,559,563
911,561,559,563
912,561,559,563
912,562,560,564
913,563,561,565
913,564,562,566
914,565,563,567
914,566,564,568
915,567,565,569
915,568,566,570
916,569,567,571
916,570,568,572
917,571,569,573
917,572,570,574
917,573,571,575
918,572,570,574
919,572,570,574
920,571,569,573
921,570,568,572
922,569,567,571
923,569,567,571
924,568,566,570
925,568,566,570
926,568,566,570
927,568,566,570
928,568,566,570
929,568,566,570
930,568,566,570
931,568,566,570
932,568,566,570
933,568,566,570
934,568,566,570
935,568,566,570
936,568,566,570
937,568,566,570
938,568,566,570
939,568,566,570
940,568,566,570
941,568,566,570
942,568,566,570
943,567,565,569
944,567,565,569
945,566,564,568
946,566,564,568
947,566,564,568
948,567,565,569
949,567,565,569
950,568,566,570
951,569,567,571
952,570,568,572
952,571,569,573
953,572,570,574
954,573,571,575
955,574,572,576
955,575,573,577
956,575,573,577
957,574,572,576
958,574,572,576
959,573,571,575
960,573,571,575
961,573,571,575
962,572,570,574
963,572,570,574
964,571,569,573
965,571,569,573
966,571,569,573
967,572,570,574
968,572,570,574
969,572,570,574
970,571,569,573
971,571,569,573
972,570,568,572
973,570,568,572
974,569,567,571
975,569,567,571
976,568,566,570
977,568,566,570
978,567,565,569
979,567,565,569
980,566,564,568
981,566,564,568
982,566,564,568
983,566,564,568
984,566,564,568
985,566,564,568
986,566,564,568
987,566,564,568
988,565,563,567
989,565,563,567
990,565,563,567
991,565,563,567
992,565,563,567
993,565,563,567
